mo_key,mo_id,mo_name,icd_class,deaths,person_years,asmr_per100k,crude_rate_per100k,icd_class_short,stability_flag,regional_deaths,regional_person_years,regional_asmr_per100k,asmr_ratio_vs_region,crude_rank_within_class,asmr_rank_within_class,rank_shift_to_higher_risk
александровск-сахалинский,368,Александровск-Сахалинский,I,13,30663.0,38.40034231396234,42.39637347943776,Инфекционные болезни,low_count,203,1446576.0,14.03313756069505,2.736404610007999,1.0,1.0,0.0
александровск-сахалинский,368,Александровск-Сахалинский,II,109,30663.0,280.6200968618554,355.4772853275935,Новообразования,ok,3384,1446576.0,233.93171184922187,1.1995812566135797,5.0,8.0,-3.0
александровск-сахалинский,368,Александровск-Сахалинский,III,1,30663.0,2.419204932878495,3.261259498418289,Кровь и иммунитет,very_low_count,20,1446576.0,1.382575129132517,1.749781897491821,5.0,6.0,-1.0
александровск-сахалинский,368,Александровск-Сахалинский,IV,58,30663.0,142.42172294614682,189.15305090826075,Эндокринные и обмен,ok,866,1446576.0,59.86550309143799,2.379028248181816,1.0,2.0,-1.0
александровск-сахалинский,368,Александровск-Сахалинский,IX,171,30663.0,430.92030878534797,557.6753742295274,Кровообращение,ok,6028,1446576.0,416.70814392054064,1.0341058005996575,8.0,13.0,-5.0
александровск-сахалинский,368,Александровск-Сахалинский,V,6,30663.0,13.819642932679404,19.567556990509733,Психические расстройства,very_low_count,95,1446576.0,6.567231863379456,2.1043330310509094,4.0,6.0,-2.0
александровск-сахалинский,368,Александровск-Сахалинский,VI,40,30663.0,98.85212926383662,130.45037993673157,Нервная система,ok,1199,1446576.0,82.8853789914944,1.192636511609372,5.0,10.0,-5.0
александровск-сахалинский,368,Александровск-Сахалинский,VIII,0,30663.0,0.0,0.0,Ухо,very_low_count,4,1446576.0,0.27651502582650345,0.0,5.0,5.0,0.0
александровск-сахалинский,368,Александровск-Сахалинский,X,65,30663.0,170.39440353152855,211.9818673971888,Дыхание,ok,1219,1446576.0,84.26795412062691,2.0220545913291588,1.0,1.0,0.0
александровск-сахалинский,368,Александровск-Сахалинский,XI,54,30663.0,149.9232274321084,176.10801291458762,Пищеварение,ok,2060,1446576.0,142.40523830064924,1.0527929254651927,8.0,12.0,-4.0
александровск-сахалинский,368,Александровск-Сахалинский,XII,1,30663.0,2.2574080210872194,3.261259498418289,Кожа,very_low_count,48,1446576.0,3.318180309918041,0.6803150553150553,7.0,8.0,-1.0
александровск-сахалинский,368,Александровск-Сахалинский,XIII,4,30663.0,9.72109004393866,13.045037993673157,Костно-мышечные,very_low_count,76,1446576.0,5.2537854907035655,1.8503020462369222,1.0,2.0,-1.0
александровск-сахалинский,368,Александровск-Сахалинский,XIV,70,30663.0,166.0221909458255,228.28816488928024,Мочеполовая система,ok,838,1446576.0,57.929897910652464,2.8659154760101253,1.0,1.0,0.0
александровск-сахалинский,368,Александровск-Сахалинский,XIX,103,30663.0,356.8621610879917,335.9097283370838,Травмы и отравления,ok,2748,1446576.0,189.96582274280786,1.8785598163683501,1.0,1.0,0.0
александровск-сахалинский,368,Александровск-Сахалинский,XV,0,30663.0,0.0,0.0,Беременность и роды,very_low_count,3,1446576.0,0.20738626936987756,0.0,4.0,4.0,0.0
александровск-сахалинский,368,Александровск-Сахалинский,XVI,0,30663.0,0.0,0.0,Перинатальные состояния,very_low_count,33,1446576.0,2.281248963068653,0.0,11.0,11.0,0.0
александровск-сахалинский,368,Александровск-Сахалинский,XVII,2,30663.0,6.547384948832546,6.522518996836578,Врожденные аномалии,very_low_count,36,1446576.0,2.4886352324385306,2.630913869372886,2.0,2.0,0.0
александровск-сахалинский,368,Александровск-Сахалинский,XVIII,17,30663.0,50.163764197489634,55.44141147311092,Симптомы и неточные причины,low_count,552,1446576.0,38.15907356405747,1.3145959666258653,3.0,4.0,-1.0
александровск-сахалинский,368,Александровск-Сахалинский,XXII,0,30663.0,0.0,0.0,Специальные коды,very_low_count,20,1446576.0,1.382575129132517,0.0,6.0,6.0,0.0
анивский,360,Анивский,I,2,62997.0,3.5285264439711757,3.1747543533819074,Инфекционные болезни,very_low_count,203,1446576.0,14.03313756069505,0.25144244675931265,15.0,15.0,0.0
анивский,360,Анивский,II,107,62997.0,207.8476254291984,169.84935790593204,Новообразования,ok,3384,1446576.0,233.93171184922187,0.8884970053276244,14.0,13.0,1.0
анивский,360,Анивский,III,1,62997.0,1.881603836683274,1.5873771766909537,Кровь и иммунитет,very_low_count,20,1446576.0,1.382575129132517,1.3609414758269718,8.0,7.0,1.0
анивский,360,Анивский,IV,23,62997.0,45.51411775707911,36.50967506389193,Эндокринные и обмен,low_count,866,1446576.0,59.86550309143799,0.760272868459174,15.0,15.0,0.0
анивский,360,Анивский,IX,179,62997.0,357.5145200806759,284.1405146276807,Кровообращение,ok,6028,1446576.0,416.70814392054064,0.8579494432651357,15.0,15.0,0.0
анивский,360,Анивский,V,1,62997.0,2.1111791614216506,1.5873771766909537,Психические расстройства,very_low_count,95,1446576.0,6.567231863379456,0.32147169543291426,15.0,15.0,0.0
анивский,360,Анивский,VI,33,62997.0,69.02453099239322,52.38344683080147,Нервная система,ok,1199,1446576.0,82.8853789914944,0.8327708919503938,13.0,12.0,1.0
анивский,360,Анивский,VIII,0,62997.0,0.0,0.0,Ухо,very_low_count,4,1446576.0,0.27651502582650345,0.0,5.0,5.0,0.0
анивский,360,Анивский,X,41,62997.0,80.79155020865093,65.0824642443291,Дыхание,ok,1219,1446576.0,84.26795412062691,0.9587458370355163,13.0,12.0,1.0
анивский,360,Анивский,XI,54,62997.0,99.66987623321035,85.7183675413115,Пищеварение,ok,2060,1446576.0,142.40523830064924,0.6999031596210316,15.0,16.0,-1.0
анивский,360,Анивский,XII,0,62997.0,0.0,0.0,Кожа,very_low_count,48,1446576.0,3.318180309918041,0.0,10.0,10.0,0.0
анивский,360,Анивский,XIII,1,62997.0,1.801582475213446,1.5873771766909537,Костно-мышечные,very_low_count,76,1446576.0,5.2537854907035655,0.3429113119295218,17.0,17.0,0.0
анивский,360,Анивский,XIV,34,62997.0,72.20015330676694,53.97082400749242,Мочеполовая система,ok,838,1446576.0,57.929897910652464,1.2463366225523829,11.0,6.0,5.0
анивский,360,Анивский,XIX,97,62997.0,157.4589167807825,153.97558613902248,Травмы и отравления,ok,2748,1446576.0,189.96582274280786,0.8288802401785924,14.0,15.0,-1.0
анивский,360,Анивский,XV,0,62997.0,0.0,0.0,Беременность и роды,very_low_count,3,1446576.0,0.20738626936987756,0.0,4.0,4.0,0.0
анивский,360,Анивский,XVI,0,62997.0,0.0,0.0,Перинатальные состояния,very_low_count,33,1446576.0,2.281248963068653,0.0,11.0,11.0,0.0
анивский,360,Анивский,XVII,1,62997.0,1.1271314354879798,1.5873771766909537,Врожденные аномалии,very_low_count,36,1446576.0,2.4886352324385306,0.45291146761734996,12.0,13.0,-1.0
анивский,360,Анивский,XVIII,12,62997.0,22.48130784251421,19.04852612029144,Симптомы и неточные причины,low_count,552,1446576.0,38.15907356405747,0.5891471082172615,16.0,14.0,2.0
анивский,360,Анивский,XXII,0,62997.0,0.0,0.0,Специальные коды,very_low_count,20,1446576.0,1.382575129132517,0.0,6.0,6.0,0.0
долинский,363,Долинский,I,14,67134.0,20.925203779870387,20.853814758542615,Инфекционные болезни,low_count,203,1446576.0,14.03313756069505,1.491127959757132,5.0,6.0,-1.0
долинский,363,Долинский,II,180,67134.0,253.68267219416163,268.12047546697653,Новообразования,ok,3384,1446576.0,233.93171184922187,1.0844304527539645,9.0,9.0,0.0
долинский,363,Долинский,III,1,67134.0,1.5135174297223162,1.4895581970387584,Кровь и иммунитет,very_low_count,20,1446576.0,1.382575129132517,1.0947089947089947,9.0,8.0,1.0
долинский,363,Долинский,IV,48,67134.0,67.87961158298603,71.4987934578604,Эндокринные и обмен,ok,866,1446576.0,59.86550309143799,1.133868556642836,10.0,13.0,-3.0
долинский,363,Долинский,IX,412,67134.0,598.4329723877265,613.6979771799683,Кровообращение,ok,6028,1446576.0,416.70814392054064,1.4360961769488187,4.0,2.0,2.0
долинский,363,Долинский,V,2,67134.0,3.0113071529492093,2.9791163940775167,Психические расстройства,very_low_count,95,1446576.0,6.567231863379456,0.45853522695627946,13.0,13.0,0.0
долинский,363,Долинский,VI,86,67134.0,125.48375080029683,128.10200494533322,Нервная система,ok,1199,1446576.0,82.8853789914944,1.5139431384294426,6.0,6.0,0.0
долинский,363,Долинский,VIII,0,67134.0,0.0,0.0,Ухо,very_low_count,4,1446576.0,0.27651502582650345,0.0,5.0,5.0,0.0
долинский,363,Долинский,X,60,67134.0,85.93140309456385,89.3734918223255,Дыхание,ok,1219,1446576.0,84.26795412062691,1.0197399947737638,10.0,9.0,1.0
долинский,363,Долинский,XI,114,67134.0,169.2619378173416,169.80963446241844,Пищеварение,ok,2060,1446576.0,142.40523830064924,1.1885934803886347,11.0,11.0,0.0
долинский,363,Долинский,XII,2,67134.0,3.1870566408441405,2.9791163940775167,Кожа,very_low_count,48,1446576.0,3.318180309918041,0.9604832598511986,8.0,7.0,1.0
долинский,363,Долинский,XIII,3,67134.0,4.249558482408876,4.468674591116275,Костно-мышечные,very_low_count,76,1446576.0,5.2537854907035655,0.8088564883222502,12.0,12.0,0.0
долинский,363,Долинский,XIV,40,67134.0,58.09328320296322,59.582327881550334,Мочеполовая система,ok,838,1446576.0,57.929897910652464,1.0028203966898535,10.0,13.0,-3.0
долинский,363,Долинский,XIX,159,67134.0,251.82919223264528,236.83975332916256,Травмы и отравления,ok,2748,1446576.0,189.96582274280786,1.3256552604917433,10.0,8.0,2.0
долинский,363,Долинский,XV,0,67134.0,0.0,0.0,Беременность и роды,very_low_count,3,1446576.0,0.20738626936987756,0.0,4.0,4.0,0.0
долинский,363,Долинский,XVI,2,67134.0,2.7733365583717395,2.9791163940775167,Перинатальные состояния,very_low_count,33,1446576.0,2.281248963068653,1.2157097288676235,4.0,6.0,-2.0
долинский,363,Долинский,XVII,3,67134.0,3.9535860813246932,4.468674591116275,Врожденные аномалии,very_low_count,36,1446576.0,2.4886352324385306,1.5886563164384304,6.0,6.0,0.0
долинский,363,Долинский,XVIII,25,67134.0,37.261443788523344,37.23895492596896,Симптомы и неточные причины,low_count,552,1446576.0,38.15907356405747,0.9764766360475896,8.0,9.0,-1.0
долинский,363,Долинский,XXII,0,67134.0,0.0,0.0,Специальные коды,very_low_count,20,1446576.0,1.382575129132517,0.0,6.0,6.0,0.0
корсаковский,362,Корсаковский,I,12,122394.0,9.688592199934764,9.804402176577282,Инфекционные болезни,low_count,203,1446576.0,14.03313756069505,0.6904081256262478,11.0,11.0,0.0
корсаковский,362,Корсаковский,II,273,122394.0,235.30661628310958,223.0501495171332,Новообразования,ok,3384,1446576.0,233.93171184922187,1.0058773751665353,10.0,10.0,0.0
корсаковский,362,Корсаковский,III,0,122394.0,0.0,0.0,Кровь и иммунитет,very_low_count,20,1446576.0,1.382575129132517,0.0,12.0,12.0,0.0
корсаковский,362,Корсаковский,IV,76,122394.0,67.53757998825485,62.0945471183228,Эндокринные и обмен,ok,866,1446576.0,59.86550309143799,1.1281552229687037,13.0,14.0,-1.0
корсаковский,362,Корсаковский,IX,500,122394.0,445.08292940537353,408.5167573573868,Кровообращение,ok,6028,1446576.0,416.70814392054064,1.0680927068472257,11.0,12.0,-1.0
корсаковский,362,Корсаковский,V,5,122394.0,4.716996725209947,4.085167573573868,Психические расстройства,very_low_count,95,1446576.0,6.567231863379456,0.7182625531334005,11.0,10.0,1.0
корсаковский,362,Корсаковский,VI,55,122394.0,49.77090348343308,44.93684330931255,Нервная система,ok,1199,1446576.0,82.8853789914944,0.6004786862172701,14.0,15.0,-1.0
корсаковский,362,Корсаковский,VIII,1,122394.0,0.7356675550584371,0.8170335147147735,Ухо,very_low_count,4,1446576.0,0.27651502582650345,2.660497572815534,2.0,2.0,0.0
корсаковский,362,Корсаковский,X,92,122394.0,81.22944160307657,75.16708335375917,Дыхание,ok,1219,1446576.0,84.26795412062691,0.9639422536211,11.0,10.0,1.0
корсаковский,362,Корсаковский,XI,209,122394.0,175.91571586662894,170.76000457538768,Пищеварение,ok,2060,1446576.0,142.40523830064924,1.235317731046042,10.0,9.0,1.0
корсаковский,362,Корсаковский,XII,6,122394.0,5.092673798927044,4.902201088288641,Кожа,very_low_count,48,1446576.0,3.318180309918041,1.5347791027826432,2.0,4.0,-2.0
корсаковский,362,Корсаковский,XIII,4,122394.0,3.282012319776373,3.268134058859094,Костно-мышечные,very_low_count,76,1446576.0,5.2537854907035655,0.6246947701964245,13.0,14.0,-1.0
корсаковский,362,Корсаковский,XIV,87,122394.0,79.55083132362725,71.08191578018531,Мочеполовая система,ok,838,1446576.0,57.929897910652464,1.3732258159046231,9.0,5.0,4.0
корсаковский,362,Корсаковский,XIX,197,122394.0,164.3201624190159,160.9556023988104,Травмы и отравления,ok,2748,1446576.0,189.96582274280786,0.8649985563007654,13.0,14.0,-1.0
корсаковский,362,Корсаковский,XV,0,122394.0,0.0,0.0,Беременность и роды,very_low_count,3,1446576.0,0.20738626936987756,0.0,4.0,4.0,0.0
корсаковский,362,Корсаковский,XVI,2,122394.0,1.2078715096633366,1.634067029429547,Перинатальные состояния,very_low_count,33,1446576.0,2.281248963068653,0.5294781627159851,9.0,9.0,0.0
корсаковский,362,Корсаковский,XVII,1,122394.0,0.8093728015082764,0.8170335147147735,Врожденные аномалии,very_low_count,36,1446576.0,2.4886352324385306,0.32522757492073234,15.0,15.0,0.0
корсаковский,362,Корсаковский,XVIII,57,122394.0,48.217843944859915,46.570910338742095,Симптомы и неточные причины,ok,552,1446576.0,38.15907356405747,1.263601011274994,4.0,5.0,-1.0
корсаковский,362,Корсаковский,XXII,0,122394.0,0.0,0.0,Специальные коды,very_low_count,20,1446576.0,1.382575129132517,0.0,6.0,6.0,0.0
курильский,357,Курильский,I,0,20622.0,0.0,0.0,Инфекционные болезни,very_low_count,203,1446576.0,14.03313756069505,0.0,17.0,17.0,0.0
курильский,357,Курильский,II,15,20622.0,162.95534422765735,72.73785277858597,Новообразования,low_count,3384,1446576.0,233.93171184922187,0.6965936466650936,18.0,17.0,1.0
курильский,357,Курильский,III,0,20622.0,0.0,0.0,Кровь и иммунитет,very_low_count,20,1446576.0,1.382575129132517,0.0,12.0,12.0,0.0
курильский,357,Курильский,IV,4,20622.0,36.69171247158357,19.39676074095626,Эндокринные и обмен,very_low_count,866,1446576.0,59.86550309143799,0.6129024325668992,17.0,16.0,1.0
курильский,357,Курильский,IX,44,20622.0,400.8410099491897,213.36436815051889,Кровообращение,ok,6028,1446576.0,416.70814392054064,0.9619226688922679,17.0,14.0,3.0
курильский,357,Курильский,V,1,20622.0,16.151840528852176,4.849190185239065,Психические расстройства,very_low_count,95,1446576.0,6.567231863379456,2.459459459459459,9.0,4.0,5.0
курильский,357,Курильский,VI,5,20622.0,42.764773562843004,24.245950926195327,Нервная система,very_low_count,1199,1446576.0,82.8853789914944,0.5159507513047804,18.0,16.0,2.0
курильский,357,Курильский,VIII,0,20622.0,0.0,0.0,Ухо,very_low_count,4,1446576.0,0.27651502582650345,0.0,5.0,5.0,0.0
курильский,357,Курильский,X,4,20622.0,28.827683631053468,19.39676074095626,Дыхание,very_low_count,1219,1446576.0,84.26795412062691,0.3420954493541821,17.0,17.0,0.0
курильский,357,Курильский,XI,13,20622.0,93.36751472414073,63.03947240810785,Пищеварение,low_count,2060,1446576.0,142.40523830064924,0.6556466309688768,18.0,17.0,1.0
курильский,357,Курильский,XII,1,20622.0,9.243378847706584,4.849190185239065,Кожа,very_low_count,48,1446576.0,3.318180309918041,2.7856770833333333,3.0,2.0,1.0
курильский,357,Курильский,XIII,1,20622.0,7.082790252654105,4.849190185239065,Костно-мышечные,very_low_count,76,1446576.0,5.2537854907035655,1.3481308411214952,10.0,7.0,3.0
курильский,357,Курильский,XIV,1,20622.0,9.243378847706584,4.849190185239065,Мочеполовая система,very_low_count,838,1446576.0,57.929897910652464,0.15956145584725537,18.0,18.0,0.0
курильский,357,Курильский,XIX,31,20622.0,184.80594617559584,150.32489574241103,Травмы и отравления,ok,2748,1446576.0,189.96582274280786,0.9728378689771059,15.0,12.0,3.0
курильский,357,Курильский,XV,0,20622.0,0.0,0.0,Беременность и роды,very_low_count,3,1446576.0,0.20738626936987756,0.0,4.0,4.0,0.0
курильский,357,Курильский,XVI,0,20622.0,0.0,0.0,Перинатальные состояния,very_low_count,33,1446576.0,2.281248963068653,0.0,11.0,11.0,0.0
курильский,357,Курильский,XVII,1,20622.0,2.4796891580735556,4.849190185239065,Врожденные аномалии,very_low_count,36,1446576.0,2.4886352324385306,0.99640522875817,5.0,9.0,-4.0
курильский,357,Курильский,XVIII,0,20622.0,0.0,0.0,Симптомы и неточные причины,very_low_count,552,1446576.0,38.15907356405747,0.0,18.0,18.0,0.0
курильский,357,Курильский,XXII,0,20622.0,0.0,0.0,Специальные коды,very_low_count,20,1446576.0,1.382575129132517,0.0,6.0,6.0,0.0
макаровский,366,Макаровский,I,2,21270.0,8.322469658321854,9.402914903620122,Инфекционные болезни,very_low_count,203,1446576.0,14.03313756069505,0.5930583679042657,12.0,12.0,0.0
макаровский,366,Макаровский,II,71,21270.0,302.3445413562792,333.80347907851433,Новообразования,ok,3384,1446576.0,233.93171184922187,1.2924478642346364,6.0,5.0,1.0
макаровский,366,Макаровский,III,1,21270.0,4.456933785223485,4.701457451810061,Кровь и иммунитет,very_low_count,20,1446576.0,1.382575129132517,3.223646723646724,3.0,3.0,0.0
макаровский,366,Макаровский,IV,18,21270.0,74.09827099086273,84.6262341325811,Эндокринные и обмен,low_count,866,1446576.0,59.86550309143799,1.2377457327584092,9.0,11.0,-2.0
макаровский,366,Макаровский,IX,135,21270.0,566.5884901282423,634.6967559943582,Кровообращение,ok,6028,1446576.0,416.70814392054064,1.359677026701646,3.0,4.0,-1.0
макаровский,366,Макаровский,V,1,21270.0,3.92672827478751,4.701457451810061,Психические расстройства,very_low_count,95,1446576.0,6.567231863379456,0.5979274611398965,10.0,11.0,-1.0
макаровский,366,Макаровский,VI,37,21270.0,152.3266677233289,173.95392571697226,Нервная система,ok,1199,1446576.0,82.8853789914944,1.8377990132488926,3.0,4.0,-1.0
макаровский,366,Макаровский,VIII,0,21270.0,0.0,0.0,Ухо,very_low_count,4,1446576.0,0.27651502582650345,0.0,5.0,5.0,0.0
макаровский,366,Макаровский,X,20,21270.0,81.21746722598601,94.02914903620122,Дыхание,low_count,1219,1446576.0,84.26795412062691,0.9638001547981784,8.0,11.0,-3.0
макаровский,366,Макаровский,XI,49,21270.0,216.15356347770407,230.371415138693,Пищеварение,ok,2060,1446576.0,142.40523830064924,1.5178764914627343,5.0,5.0,0.0
макаровский,366,Макаровский,XII,0,21270.0,0.0,0.0,Кожа,very_low_count,48,1446576.0,3.318180309918041,0.0,10.0,10.0,0.0
макаровский,366,Макаровский,XIII,1,21270.0,3.92672827478751,4.701457451810061,Костно-мышечные,very_low_count,76,1446576.0,5.2537854907035655,0.7474093264248706,11.0,13.0,-2.0
макаровский,366,Макаровский,XIV,22,21270.0,90.22421533147921,103.43206393982135,Мочеполовая система,low_count,838,1446576.0,57.929897910652464,1.5574723689421226,2.0,4.0,-2.0
макаровский,366,Макаровский,XIX,51,21270.0,245.27870033778544,239.77433004231312,Травмы и отравления,ok,2748,1446576.0,189.96582274280786,1.2911727846427667,8.0,10.0,-2.0
макаровский,366,Макаровский,XV,0,21270.0,0.0,0.0,Беременность и роды,very_low_count,3,1446576.0,0.20738626936987756,0.0,4.0,4.0,0.0
макаровский,366,Макаровский,XVI,0,21270.0,0.0,0.0,Перинатальные состояния,very_low_count,33,1446576.0,2.281248963068653,0.0,11.0,11.0,0.0
макаровский,366,Макаровский,XVII,0,21270.0,0.0,0.0,Врожденные аномалии,very_low_count,36,1446576.0,2.4886352324385306,0.0,16.0,16.0,0.0
макаровский,366,Макаровский,XVIII,7,21270.0,31.568015237687135,32.91020216267043,Симптомы и неточные причины,very_low_count,552,1446576.0,38.15907356405747,0.8272741523636323,10.0,12.0,-2.0
макаровский,366,Макаровский,XXII,0,21270.0,0.0,0.0,Специальные коды,very_low_count,20,1446576.0,1.382575129132517,0.0,6.0,6.0,0.0
невельский,358,Невельский,I,8,36414.0,23.023198622175226,21.96957214258252,Инфекционные болезни,very_low_count,203,1446576.0,14.03313756069505,1.6406308655207757,4.0,4.0,0.0
невельский,358,Невельский,II,133,36414.0,353.97663767630036,365.24413687043443,Новообразования,ok,3384,1446576.0,233.93171184922187,1.513162259524917,3.0,1.0,2.0
невельский,358,Невельский,III,1,36414.0,2.656779549041413,2.746196517822815,Кровь и иммунитет,very_low_count,20,1446576.0,1.382575129132517,1.9216167664670656,6.0,5.0,1.0
невельский,358,Невельский,IV,40,36414.0,106.08415196212499,109.84786071291262,Эндокринные и обмен,ok,866,1446576.0,59.86550309143799,1.7720414342813269,4.0,4.0,0.0
невельский,358,Невельский,IX,257,36414.0,684.7394063872676,705.7725050804636,Кровообращение,ok,6028,1446576.0,416.70814392054064,1.6432110012177639,1.0,1.0,0.0
невельский,358,Невельский,V,10,36414.0,26.5190518666533,27.461965178228155,Психические расстройства,low_count,95,1446576.0,6.567231863379456,4.03808673400588,2.0,2.0,0.0
невельский,358,Невельский,VI,30,36414.0,80.06693888683827,82.38589553468447,Нервная система,ok,1199,1446576.0,82.8853789914944,0.9659959315026434,11.0,11.0,0.0
невельский,358,Невельский,VIII,1,36414.0,2.7164459071251383,2.746196517822815,Ухо,very_low_count,4,1446576.0,0.27651502582650345,9.823863636363635,1.0,1.0,0.0
невельский,358,Невельский,X,42,36414.0,112.72569089820541,115.34025374855825,Дыхание,ok,1219,1446576.0,84.26795412062691,1.3377053243376735,6.0,6.0,0.0
невельский,358,Невельский,XI,84,36414.0,226.24438776505994,230.6805074971165,Пищеварение,ok,2060,1446576.0,142.40523830064924,1.5887364149302396,4.0,3.0,1.0
невельский,358,Невельский,XII,0,36414.0,0.0,0.0,Кожа,very_low_count,48,1446576.0,3.318180309918041,0.0,10.0,10.0,0.0
невельский,358,Невельский,XIII,2,36414.0,5.26843857844616,5.49239303564563,Костно-мышечные,very_low_count,76,1446576.0,5.2537854907035655,1.0027890532966226,7.0,9.0,-2.0
невельский,358,Невельский,XIV,27,36414.0,71.42362306212534,74.14730598121602,Мочеполовая система,low_count,838,1446576.0,57.929897910652464,1.2329319684333775,6.0,7.0,-1.0
невельский,358,Невельский,XIX,114,36414.0,325.5885731353382,313.0664030318009,Травмы и отравления,ok,2748,1446576.0,189.96582274280786,1.713932371804312,2.0,2.0,0.0
невельский,358,Невельский,XV,0,36414.0,0.0,0.0,Беременность и роды,very_low_count,3,1446576.0,0.20738626936987756,0.0,4.0,4.0,0.0
невельский,358,Невельский,XVI,0,36414.0,0.0,0.0,Перинатальные состояния,very_low_count,33,1446576.0,2.281248963068653,0.0,11.0,11.0,0.0
невельский,358,Невельский,XVII,1,36414.0,2.719586147091107,2.746196517822815,Врожденные аномалии,very_low_count,36,1446576.0,2.4886352324385306,1.0928022361984626,9.0,8.0,1.0
невельский,358,Невельский,XVIII,36,36414.0,97.69998137589991,98.86307464162134,Симптомы и неточные причины,ok,552,1446576.0,38.15907356405747,2.5603342075873874,1.0,1.0,0.0
невельский,358,Невельский,XXII,0,36414.0,0.0,0.0,Специальные коды,very_low_count,20,1446576.0,1.382575129132517,0.0,6.0,6.0,0.0
ногликский,370,Ногликский,I,3,36666.0,7.25527176824641,8.181966944853542,Инфекционные болезни,very_low_count,203,1446576.0,14.03313756069505,0.5170099514001388,13.0,14.0,-1.0
ногликский,370,Ногликский,II,66,36666.0,219.83500311776882,180.00327278677793,Новообразования,ok,3384,1446576.0,233.93171184922187,0.9397400693560567,13.0,11.0,2.0
ногликский,370,Ногликский,III,0,36666.0,0.0,0.0,Кровь и иммунитет,very_low_count,20,1446576.0,1.382575129132517,0.0,12.0,12.0,0.0
ногликский,370,Ногликский,IV,22,36666.0,78.29422306824738,60.001090928925976,Эндокринные и обмен,low_count,866,1446576.0,59.86550309143799,1.3078353813992265,14.0,8.0,6.0
ногликский,370,Ногликский,IX,135,36666.0,459.19441674873127,368.1885125184094,Кровообращение,ok,6028,1446576.0,416.70814392054064,1.1019569054457743,12.0,11.0,1.0
ногликский,370,Ногликский,V,3,36666.0,14.223719049489832,8.181966944853542,Психические расстройства,very_low_count,95,1446576.0,6.567231863379456,2.1658621692352424,7.0,5.0,2.0
ногликский,370,Ногликский,VI,32,36666.0,123.97486537316294,87.2743140784378,Нервная система,ok,1199,1446576.0,82.8853789914944,1.4957386559803882,10.0,7.0,3.0
ногликский,370,Ногликский,VIII,0,36666.0,0.0,0.0,Ухо,very_low_count,4,1446576.0,0.27651502582650345,0.0,5.0,5.0,0.0
ногликский,370,Ногликский,X,22,36666.0,68.0612997251846,60.001090928925976,Дыхание,low_count,1219,1446576.0,84.26795412062691,0.8076771346288649,14.0,14.0,0.0
ногликский,370,Ногликский,XI,41,36666.0,131.62376441941964,111.82021491299842,Пищеварение,ok,2060,1446576.0,142.40523830064924,0.9242901875669243,13.0,13.0,0.0
ногликский,370,Ногликский,XII,0,36666.0,0.0,0.0,Кожа,very_low_count,48,1446576.0,3.318180309918041,0.0,10.0,10.0,0.0
ногликский,370,Ногликский,XIII,2,36666.0,5.580046015837998,5.454644629902362,Костно-мышечные,very_low_count,76,1446576.0,5.2537854907035655,1.0621000849219562,8.0,8.0,0.0
ногликский,370,Ногликский,XIV,18,36666.0,66.82516843714119,49.09180166912125,Мочеполовая система,low_count,838,1446576.0,57.929897910652464,1.1535523252640327,12.0,11.0,1.0
ногликский,370,Ногликский,XIX,70,36666.0,202.91773622601863,190.91256204658268,Травмы и отравления,ok,2748,1446576.0,189.96582274280786,1.0681802299814014,11.0,11.0,0.0
ногликский,370,Ногликский,XV,0,36666.0,0.0,0.0,Беременность и роды,very_low_count,3,1446576.0,0.20738626936987756,0.0,4.0,4.0,0.0
ногликский,370,Ногликский,XVI,1,36666.0,2.24227211102396,2.727322314951181,Перинатальные состояния,very_low_count,33,1446576.0,2.281248963068653,0.9829142488716959,6.0,7.0,-1.0
ногликский,370,Ногликский,XVII,2,36666.0,5.704944424037549,5.454644629902362,Врожденные аномалии,very_low_count,36,1446576.0,2.4886352324385306,2.292398801429595,4.0,3.0,1.0
ногликский,370,Ногликский,XVIII,12,36666.0,34.80967240655119,32.72786777941417,Симптомы и неточные причины,low_count,552,1446576.0,38.15907356405747,0.9122253020141159,11.0,10.0,1.0
ногликский,370,Ногликский,XXII,0,36666.0,0.0,0.0,Специальные коды,very_low_count,20,1446576.0,1.382575129132517,0.0,6.0,6.0,0.0
охинский,369,Охинский,I,14,127131.0,10.541288053222154,11.01226294137543,Инфекционные болезни,low_count,203,1446576.0,14.03313756069505,0.7511711481220634,10.0,10.0,0.0
охинский,369,Охинский,II,177,127131.0,152.04820869580254,139.22646718738937,Новообразования,ok,3384,1446576.0,233.93171184922187,0.6499683497114045,15.0,18.0,-3.0
охинский,369,Охинский,III,1,127131.0,1.2437164965979033,0.786590210098245,Кровь и иммунитет,very_low_count,20,1446576.0,1.382575129132517,0.8995652173913044,10.0,10.0,0.0
охинский,369,Охинский,IV,82,127131.0,75.64190730663962,64.5003972280561,Эндокринные и обмен,ok,866,1446576.0,59.86550309143799,1.2635308048961837,12.0,10.0,2.0
охинский,369,Охинский,IX,312,127131.0,282.40557572232785,245.41614555065246,Кровообращение,ok,6028,1446576.0,416.70814392054064,0.6777059192204747,16.0,18.0,-2.0
охинский,369,Охинский,V,4,127131.0,3.674270001406128,3.14636084039298,Психические расстройства,very_low_count,95,1446576.0,6.567231863379456,0.5594853475320074,12.0,12.0,0.0
охинский,369,Охинский,VI,41,127131.0,41.661480745652455,32.25019861402805,Нервная система,ok,1199,1446576.0,82.8853789914944,0.5026396844964381,15.0,17.0,-2.0
охинский,369,Охинский,VIII,1,127131.0,0.7300818492211133,0.786590210098245,Ухо,very_low_count,4,1446576.0,0.27651502582650345,2.6402972027972025,3.0,3.0,0.0
охинский,369,Охинский,X,56,127131.0,46.073142417508684,44.04905176550172,Дыхание,ok,1219,1446576.0,84.26795412062691,0.5467457101374081,15.0,16.0,-1.0
охинский,369,Охинский,XI,108,127131.0,90.46073105302742,84.95174269061047,Пищеварение,ok,2060,1446576.0,142.40523830064924,0.6352345751639039,16.0,18.0,-2.0
охинский,369,Охинский,XII,0,127131.0,0.0,0.0,Кожа,very_low_count,48,1446576.0,3.318180309918041,0.0,10.0,10.0,0.0
охинский,369,Охинский,XIII,3,127131.0,2.4231231004141462,2.359770630294735,Костно-мышечные,very_low_count,76,1446576.0,5.2537854907035655,0.46121470027693334,15.0,15.0,0.0
охинский,369,Охинский,XIV,43,127131.0,45.208495823572754,33.82337903422454,Мочеполовая система,ok,838,1446576.0,57.929897910652464,0.7804000603159974,15.0,14.0,1.0
охинский,369,Охинский,XIX,135,127131.0,106.65708926245678,106.18967836326308,Травмы и отравления,ok,2748,1446576.0,189.96582274280786,0.5614540959131283,16.0,16.0,0.0
охинский,369,Охинский,XV,0,127131.0,0.0,0.0,Беременность и роды,very_low_count,3,1446576.0,0.20738626936987756,0.0,4.0,4.0,0.0
охинский,369,Охинский,XVI,1,127131.0,0.9624364312157636,0.786590210098245,Перинатальные состояния,very_low_count,33,1446576.0,2.281248963068653,0.42189013421890137,10.0,10.0,0.0
охинский,369,Охинский,XVII,2,127131.0,1.5243484449974787,1.57318042019649,Врожденные аномалии,very_low_count,36,1446576.0,2.4886352324385306,0.6125238544918535,13.0,12.0,1.0
охинский,369,Охинский,XVIII,57,127131.0,45.50312300469551,44.83564197559997,Симптомы и неточные причины,ok,552,1446576.0,38.15907356405747,1.1924587982543553,5.0,6.0,-1.0
охинский,369,Охинский,XXII,1,127131.0,0.7300818492211133,0.786590210098245,Специальные коды,very_low_count,20,1446576.0,1.382575129132517,0.5280594405594407,5.0,5.0,0.0
поронайский,373,Поронайский,I,18,58095.0,33.3727164884421,30.983733539891553,Инфекционные болезни,low_count,203,1446576.0,14.03313756069505,2.3781364890140204,3.0,2.0,1.0
поронайский,373,Поронайский,II,186,58095.0,300.1686117732316,320.1652465788794,Новообразования,ok,3384,1446576.0,233.93171184922187,1.2831463053914725,7.0,6.0,1.0
поронайский,373,Поронайский,III,1,58095.0,1.4740271916608507,1.7213185299939753,Кровь и иммунитет,very_low_count,20,1446576.0,1.382575129132517,1.0661461794019935,7.0,9.0,-2.0
поронайский,373,Поронайский,IV,67,58095.0,106.96681799081695,115.32834150959634,Эндокринные и обмен,ok,866,1446576.0,59.86550309143799,1.7867855854721018,3.0,3.0,0.0
поронайский,373,Поронайский,IX,329,58095.0,542.126009273056,566.313796368018,Кровообращение,ok,6028,1446576.0,416.70814392054064,1.3009729163738888,6.0,7.0,-1.0
поронайский,373,Поронайский,V,0,58095.0,0.0,0.0,Психические расстройства,very_low_count,95,1446576.0,6.567231863379456,0.0,16.0,16.0,0.0
поронайский,373,Поронайский,VI,101,58095.0,168.14536007171841,173.85317152939152,Нервная система,ok,1199,1446576.0,82.8853789914944,2.028649227615564,4.0,3.0,1.0
поронайский,373,Поронайский,VIII,0,58095.0,0.0,0.0,Ухо,very_low_count,4,1446576.0,0.27651502582650345,0.0,5.0,5.0,0.0
поронайский,373,Поронайский,X,53,58095.0,86.52067370978651,91.2298820896807,Дыхание,ok,1219,1446576.0,84.26795412062691,1.0267328145398533,9.0,8.0,1.0
поронайский,373,Поронайский,XI,118,58095.0,200.40630637763954,203.11558653928907,Пищеварение,ok,2060,1446576.0,142.40523830064924,1.4072958886142735,6.0,6.0,0.0
поронайский,373,Поронайский,XII,6,58095.0,9.995183851125335,10.327911179963852,Кожа,very_low_count,48,1446576.0,3.318180309918041,3.012248557213642,1.0,1.0,0.0
поронайский,373,Поронайский,XIII,5,58095.0,8.045038220067589,8.606592649969878,Костно-мышечные,very_low_count,76,1446576.0,5.2537854907035655,1.5312841063463805,3.0,5.0,-2.0
поронайский,373,Поронайский,XIV,43,58095.0,70.88205534992801,74.01669678974095,Мочеполовая система,ok,838,1446576.0,57.929897910652464,1.223583294747941,7.0,8.0,-1.0
поронайский,373,Поронайский,XIX,154,58095.0,281.0449584798369,265.0830536190722,Травмы и отравления,ok,2748,1446576.0,189.96582274280786,1.4794501159313265,4.0,3.0,1.0
поронайский,373,Поронайский,XV,0,58095.0,0.0,0.0,Беременность и роды,very_low_count,3,1446576.0,0.20738626936987756,0.0,4.0,4.0,0.0
поронайский,373,Поронайский,XVI,6,58095.0,8.004059940617173,10.327911179963852,Перинатальные состояния,very_low_count,33,1446576.0,2.281248963068653,3.508630609896433,1.0,1.0,0.0
поронайский,373,Поронайский,XVII,2,58095.0,2.808037181763713,3.4426370599879506,Врожденные аномалии,very_low_count,36,1446576.0,2.4886352324385306,1.1283442206241736,8.0,7.0,1.0
поронайский,373,Поронайский,XVIII,25,58095.0,42.386041540107655,43.03296324984939,Симптомы и неточные причины,low_count,552,1446576.0,38.15907356405747,1.110772290342804,7.0,8.0,-1.0
поронайский,373,Поронайский,XXII,3,58095.0,4.7774365013726445,5.163955589981926,Специальные коды,very_low_count,20,1446576.0,1.382575129132517,3.4554624922048176,1.0,1.0,0.0
северо-курильский,356,Северо-Курильский,I,0,7122.0,0.0,0.0,Инфекционные болезни,very_low_count,203,1446576.0,14.03313756069505,0.0,17.0,17.0,0.0
северо-курильский,356,Северо-Курильский,II,9,7122.0,164.73171127227545,126.36899747262005,Новообразования,very_low_count,3384,1446576.0,233.93171184922187,0.7041871748386618,16.0,16.0,0.0
северо-курильский,356,Северо-Курильский,III,0,7122.0,0.0,0.0,Кровь и иммунитет,very_low_count,20,1446576.0,1.382575129132517,0.0,12.0,12.0,0.0
северо-курильский,356,Северо-Курильский,IV,9,7122.0,180.53647688974792,126.36899747262005,Эндокринные и обмен,very_low_count,866,1446576.0,59.86550309143799,3.0157013232478516,2.0,1.0,1.0
северо-курильский,356,Северо-Курильский,IX,23,7122.0,562.4402930561944,322.94299354114014,Кровообращение,low_count,6028,1446576.0,416.70814392054064,1.3497223446716282,14.0,5.0,9.0
северо-курильский,356,Северо-Курильский,V,3,7122.0,93.00420687378579,42.122999157540015,Психические расстройства,very_low_count,95,1446576.0,6.567231863379456,14.161858269753004,1.0,1.0,0.0
северо-курильский,356,Северо-Курильский,VI,2,7122.0,30.328475271568482,28.08199943836001,Нервная система,very_low_count,1199,1446576.0,82.8853789914944,0.3659086275600037,16.0,18.0,-2.0
северо-курильский,356,Северо-Курильский,VIII,0,7122.0,0.0,0.0,Ухо,very_low_count,4,1446576.0,0.27651502582650345,0.0,5.0,5.0,0.0
северо-курильский,356,Северо-Курильский,X,2,7122.0,53.99673493503337,28.08199943836001,Дыхание,very_low_count,1219,1446576.0,84.26795412062691,0.6407742480342973,16.0,15.0,1.0
северо-курильский,356,Северо-Курильский,XI,8,7122.0,175.4352624771096,112.32799775344004,Пищеварение,very_low_count,2060,1446576.0,142.40523830064924,1.231943884723725,12.0,10.0,2.0
северо-курильский,356,Северо-Курильский,XII,0,7122.0,0.0,0.0,Кожа,very_low_count,48,1446576.0,3.318180309918041,0.0,10.0,10.0,0.0
северо-курильский,356,Северо-Курильский,XIII,0,7122.0,0.0,0.0,Костно-мышечные,very_low_count,76,1446576.0,5.2537854907035655,0.0,18.0,18.0,0.0
северо-курильский,356,Северо-Курильский,XIV,3,7122.0,93.00420687378579,42.122999157540015,Мочеполовая система,very_low_count,838,1446576.0,57.929897910652464,1.6054612596975364,14.0,2.0,12.0
северо-курильский,356,Северо-Курильский,XIX,4,7122.0,50.72402031548668,56.16399887672002,Травмы и отравления,very_low_count,2748,1446576.0,189.96582274280786,0.2670165589952528,18.0,18.0,0.0
северо-курильский,356,Северо-Курильский,XV,0,7122.0,0.0,0.0,Беременность и роды,very_low_count,3,1446576.0,0.20738626936987756,0.0,4.0,4.0,0.0
северо-курильский,356,Северо-Курильский,XVI,0,7122.0,0.0,0.0,Перинатальные состояния,very_low_count,33,1446576.0,2.281248963068653,0.0,11.0,11.0,0.0
северо-курильский,356,Северо-Курильский,XVII,0,7122.0,0.0,0.0,Врожденные аномалии,very_low_count,36,1446576.0,2.4886352324385306,0.0,16.0,16.0,0.0
северо-курильский,356,Северо-Курильский,XVIII,2,7122.0,22.061948846300304,28.08199943836001,Симптомы и неточные причины,very_low_count,552,1446576.0,38.15907356405747,0.5781573498964802,14.0,15.0,-1.0
северо-курильский,356,Северо-Курильский,XXII,0,7122.0,0.0,0.0,Специальные коды,very_low_count,20,1446576.0,1.382575129132517,0.0,6.0,6.0,0.0
смирныховский,372,Смирныховский,I,1,34626.0,2.9256711595905682,2.8880032345636226,Инфекционные болезни,very_low_count,203,1446576.0,14.03313756069505,0.20848303858895986,16.0,16.0,0.0
смирныховский,372,Смирныховский,II,76,34626.0,214.68148575251783,219.48824582683534,Новообразования,ok,3384,1446576.0,233.93171184922187,0.9177100618615078,11.0,12.0,-1.0
смирныховский,372,Смирныховский,III,0,34626.0,0.0,0.0,Кровь и иммунитет,very_low_count,20,1446576.0,1.382575129132517,0.0,12.0,12.0,0.0
смирныховский,372,Смирныховский,IV,24,34626.0,72.97813806655434,69.31207762952695,Эндокринные и обмен,low_count,866,1446576.0,59.86550309143799,1.2190349082189826,11.0,12.0,-1.0
смирныховский,372,Смирныховский,IX,167,34626.0,501.73207654146523,482.29654017212505,Кровообращение,ok,6028,1446576.0,416.70814392054064,1.204037127330867,10.0,9.0,1.0
смирныховский,372,Смирныховский,V,0,34626.0,0.0,0.0,Психические расстройства,very_low_count,95,1446576.0,6.567231863379456,0.0,16.0,16.0,0.0
смирныховский,372,Смирныховский,VI,35,34626.0,108.7514320221592,101.0801132097268,Нервная система,ok,1199,1446576.0,82.8853789914944,1.3120701545361713,9.0,8.0,1.0
смирныховский,372,Смирныховский,VIII,0,34626.0,0.0,0.0,Ухо,very_low_count,4,1446576.0,0.27651502582650345,0.0,5.0,5.0,0.0
смирныховский,372,Смирныховский,X,33,34626.0,96.139513478723,95.30410674059955,Дыхание,ok,1219,1446576.0,84.26795412062691,1.1408786944216343,7.0,7.0,0.0
смирныховский,372,Смирныховский,XI,83,34626.0,237.90660596200883,239.70426846878067,Пищеварение,ok,2060,1446576.0,142.40523830064924,1.6706310020684414,2.0,2.0,0.0
смирныховский,372,Смирныховский,XII,0,34626.0,0.0,0.0,Кожа,very_low_count,48,1446576.0,3.318180309918041,0.0,10.0,10.0,0.0
смирныховский,372,Смирныховский,XIII,2,34626.0,5.091332699975908,5.776006469127245,Костно-мышечные,very_low_count,76,1446576.0,5.2537854907035655,0.9690789068158353,6.0,11.0,-5.0
смирныховский,372,Смирныховский,XIV,10,34626.0,30.39375155330507,28.880032345636224,Мочеполовая система,low_count,838,1446576.0,57.929897910652464,0.5246643382693775,16.0,17.0,-1.0
смирныховский,372,Смирныховский,XIX,88,34626.0,263.2828618572253,254.14428464159883,Травмы и отравления,ok,2748,1446576.0,189.96582274280786,1.3859485777801221,6.0,7.0,-1.0
смирныховский,372,Смирныховский,XV,1,34626.0,3.2766563999654674,2.8880032345636226,Беременность и роды,very_low_count,3,1446576.0,0.20738626936987756,15.799775028121488,1.0,1.0,0.0
смирныховский,372,Смирныховский,XVI,2,34626.0,4.258052089621256,5.776006469127245,Перинатальные состояния,very_low_count,33,1446576.0,2.281248963068653,1.8665442301805937,2.0,2.0,0.0
смирныховский,372,Смирныховский,XVII,2,34626.0,5.140775960610994,5.776006469127245,Врожденные аномалии,very_low_count,36,1446576.0,2.4886352324385306,2.065700868332447,3.0,4.0,-1.0
смирныховский,372,Смирныховский,XVIII,7,34626.0,18.278761572700198,20.216022641945358,Симптомы и неточные причины,very_low_count,552,1446576.0,38.15907356405747,0.4790148152317094,15.0,16.0,-1.0
смирныховский,372,Смирныховский,XXII,0,34626.0,0.0,0.0,Специальные коды,very_low_count,20,1446576.0,1.382575129132517,0.0,6.0,6.0,0.0
томаринский,367,Томаринский,I,3,24996.0,12.30543907292688,12.00192030724916,Инфекционные болезни,very_low_count,203,1446576.0,14.03313756069505,0.8768843759782401,9.0,8.0,1.0
томаринский,367,Томаринский,II,93,24996.0,313.4630223642336,372.059529524724,Новообразования,ok,3384,1446576.0,233.93171184922187,1.3399766106370083,2.0,3.0,-1.0
томаринский,367,Томаринский,III,0,24996.0,0.0,0.0,Кровь и иммунитет,very_low_count,20,1446576.0,1.382575129132517,0.0,12.0,12.0,0.0
томаринский,367,Томаринский,IV,24,24996.0,80.1188637572625,96.01536245799328,Эндокринные и обмен,low_count,866,1446576.0,59.86550309143799,1.3383143817381726,6.0,7.0,-1.0
томаринский,367,Томаринский,IX,153,24996.0,516.8332519195026,612.0979356697071,Кровообращение,ok,6028,1446576.0,416.70814392054064,1.2402763407908202,5.0,8.0,-3.0
томаринский,367,Томаринский,V,5,24996.0,17.125365109977917,20.003200512081932,Психические расстройства,very_low_count,95,1446576.0,6.567231863379456,2.6076991746664646,3.0,3.0,0.0
томаринский,367,Томаринский,VI,51,24996.0,174.7555108290957,204.03264522323573,Нервная система,ok,1199,1446576.0,82.8853789914944,2.108399731719015,1.0,2.0,-1.0
томаринский,367,Томаринский,VIII,0,24996.0,0.0,0.0,Ухо,very_low_count,4,1446576.0,0.27651502582650345,0.0,5.0,5.0,0.0
томаринский,367,Томаринский,X,37,24996.0,132.0605524376399,148.0236837894063,Дыхание,ok,1219,1446576.0,84.26795412062691,1.5671503339050974,3.0,3.0,0.0
томаринский,367,Томаринский,XI,50,24996.0,185.73497192797808,200.03200512081935,Пищеварение,ok,2060,1446576.0,142.40523830064924,1.3042706444256642,7.0,7.0,0.0
томаринский,367,Томаринский,XII,0,24996.0,0.0,0.0,Кожа,very_low_count,48,1446576.0,3.318180309918041,0.0,10.0,10.0,0.0
томаринский,367,Томаринский,XIII,2,24996.0,9.158567001243492,8.001280204832772,Костно-мышечные,very_low_count,76,1446576.0,5.2537854907035655,1.7432320024198427,4.0,4.0,0.0
томаринский,367,Томаринский,XIV,22,24996.0,70.47772924294532,88.01408225316051,Мочеполовая система,low_count,838,1446576.0,57.929897910652464,1.2166037190613708,3.0,9.0,-6.0
томаринский,367,Томаринский,XIX,63,24996.0,267.45064985068194,252.04032645223234,Травмы и отравления,ok,2748,1446576.0,189.96582274280786,1.4078882505764194,7.0,6.0,1.0
томаринский,367,Томаринский,XV,0,24996.0,0.0,0.0,Беременность и роды,very_low_count,3,1446576.0,0.20738626936987756,0.0,4.0,4.0,0.0
томаринский,367,Томаринский,XVI,0,24996.0,0.0,0.0,Перинатальные состояния,very_low_count,33,1446576.0,2.281248963068653,0.0,11.0,11.0,0.0
томаринский,367,Томаринский,XVII,1,24996.0,4.051837112312554,4.000640102416386,Врожденные аномалии,very_low_count,36,1446576.0,2.4886352324385306,1.6281362007168458,7.0,5.0,2.0
томаринский,367,Томаринский,XVIII,11,24996.0,42.76968601596365,44.007041126580255,Симптомы и неточные причины,low_count,552,1446576.0,38.15907356405747,1.1208261108374753,6.0,7.0,-1.0
томаринский,367,Томаринский,XXII,0,24996.0,0.0,0.0,Специальные коды,very_low_count,20,1446576.0,1.382575129132517,0.0,6.0,6.0,0.0
тымовский,371,Тымовский,I,9,43833.0,22.160290110677433,20.532475532133322,Инфекционные болезни,very_low_count,203,1446576.0,14.03313756069505,1.5791400900070598,6.0,5.0,1.0
тымовский,371,Тымовский,II,130,43833.0,295.99722327085743,296.58020213081465,Новообразования,ok,3384,1446576.0,233.93171184922187,1.2653146549948697,8.0,7.0,1.0
тымовский,371,Тымовский,III,3,43833.0,7.54385644453836,6.844158510711108,Кровь и иммунитет,very_low_count,20,1446576.0,1.382575129132517,5.456380840057261,1.0,1.0,0.0
тымовский,371,Тымовский,IV,44,43833.0,106.00070489785296,100.38099149042958,Эндокринные и обмен,ok,866,1446576.0,59.86550309143799,1.770647525269244,5.0,5.0,0.0
тымовский,371,Тымовский,IX,225,43833.0,542.2719812845963,513.3118883033331,Кровообращение,ok,6028,1446576.0,416.70814392054064,1.3013232143310323,9.0,6.0,3.0
тымовский,371,Тымовский,V,1,43833.0,2.860547942175178,2.281386170237036,Психические расстройства,very_low_count,95,1446576.0,6.567231863379456,0.435578947368421,14.0,14.0,0.0
тымовский,371,Тымовский,VI,52,43833.0,125.85692288261244,118.63208085232588,Нервная система,ok,1199,1446576.0,82.8853789914944,1.5184454051362632,8.0,5.0,3.0
тымовский,371,Тымовский,VIII,0,43833.0,0.0,0.0,Ухо,very_low_count,4,1446576.0,0.27651502582650345,0.0,5.0,5.0,0.0
тымовский,371,Тымовский,X,51,43833.0,121.15921507490609,116.35069468208883,Дыхание,ok,1219,1446576.0,84.26795412062691,1.4377851739638832,5.0,4.0,1.0
тымовский,371,Тымовский,XI,75,43833.0,183.64800671141808,171.10396276777772,Пищеварение,ok,2060,1446576.0,142.40523830064924,1.2896155289154192,9.0,8.0,1.0
тымовский,371,Тымовский,XII,2,43833.0,5.50487581636779,4.562772340474072,Кожа,very_low_count,48,1446576.0,3.318180309918041,1.659004424778761,5.0,3.0,2.0
тымовский,371,Тымовский,XIII,1,43833.0,2.2857417332023156,2.281386170237036,Костно-мышечные,very_low_count,76,1446576.0,5.2537854907035655,0.435065675453799,16.0,16.0,0.0
тымовский,371,Тымовский,XIV,38,43833.0,91.2632501652409,86.69267446900737,Мочеполовая система,ok,838,1446576.0,57.929897910652464,1.5754084411817844,4.0,3.0,1.0
тымовский,371,Тымовский,XIX,114,43833.0,279.123742306845,260.0780234070221,Травмы и отравления,ok,2748,1446576.0,189.96582274280786,1.4693366326465305,5.0,4.0,1.0
тымовский,371,Тымовский,XV,0,43833.0,0.0,0.0,Беременность и роды,very_low_count,3,1446576.0,0.20738626936987756,0.0,4.0,4.0,0.0
тымовский,371,Тымовский,XVI,2,43833.0,3.3192689517520035,4.562772340474072,Перинатальные состояния,very_low_count,33,1446576.0,2.281248963068653,1.455022667621093,3.0,3.0,0.0
тымовский,371,Тымовский,XVII,6,43833.0,12.659587204707144,13.688317021422217,Врожденные аномалии,very_low_count,36,1446576.0,2.4886352324385306,5.086959727843456,1.0,1.0,0.0
тымовский,371,Тымовский,XVIII,4,43833.0,10.188184318730974,9.125544680948144,Симптомы и неточные причины,very_low_count,552,1446576.0,38.15907356405747,0.2669924441857351,17.0,17.0,0.0
тымовский,371,Тымовский,XXII,0,43833.0,0.0,0.0,Специальные коды,very_low_count,20,1446576.0,1.382575129132517,0.0,6.0,6.0,0.0
углегорский,365,Углегорский,I,16,51270.0,32.759788599965795,31.207333723425002,Инфекционные болезни,low_count,203,1446576.0,14.03313756069505,2.334459308068183,2.0,3.0,-1.0
углегорский,365,Углегорский,II,184,51270.0,303.3151802874319,358.88433781938755,Новообразования,ok,3384,1446576.0,233.93171184922187,1.2965971047265723,4.0,4.0,0.0
углегорский,365,Углегорский,III,3,51270.0,5.0304923376417765,5.851375073142188,Кровь и иммунитет,very_low_count,20,1446576.0,1.382575129132517,3.638494741908245,2.0,2.0,0.0
углегорский,365,Углегорский,IV,48,51270.0,81.09692912260392,93.62200117027501,Эндокринные и обмен,ok,866,1446576.0,59.86550309143799,1.3546520940237863,7.0,6.0,1.0
углегорский,365,Углегорский,IX,340,51270.0,580.7210726426238,663.1558416227814,Кровообращение,ok,6028,1446576.0,416.70814392054064,1.3935918486713275,2.0,3.0,-1.0
углегорский,365,Углегорский,V,6,51270.0,9.713310577001256,11.702750146284377,Психические расстройства,very_low_count,95,1446576.0,6.567231863379456,1.4790570485511756,5.0,7.0,-2.0
углегорский,365,Углегорский,VI,104,51270.0,178.2561840254592,202.84766920226255,Нервная система,ok,1199,1446576.0,82.8853789914944,2.1506348428925155,2.0,1.0,1.0
углегорский,365,Углегорский,VIII,0,51270.0,0.0,0.0,Ухо,very_low_count,4,1446576.0,0.27651502582650345,0.0,5.0,5.0,0.0
углегорский,365,Углегорский,X,94,51270.0,161.39351967329415,183.34308562512192,Дыхание,ok,1219,1446576.0,84.26795412062691,1.9152419369558258,2.0,2.0,0.0
углегорский,365,Углегорский,XI,136,51270.0,244.9719198768653,265.26233664911257,Пищеварение,ok,2060,1446576.0,142.40523830064924,1.7202451454747394,1.0,1.0,0.0
углегорский,365,Углегорский,XII,2,51270.0,3.5860941376338515,3.9009167154281252,Кожа,very_low_count,48,1446576.0,3.318180309918041,1.0807411902587138,6.0,6.0,0.0
углегорский,365,Углегорский,XIII,4,51270.0,7.883283707800933,7.8018334308562505,Костно-мышечные,very_low_count,76,1446576.0,5.2537854907035655,1.5004959227494528,5.0,6.0,-1.0
углегорский,365,Углегорский,XIV,41,51270.0,67.73666086679846,79.96879266627657,Мочеполовая система,ok,838,1446576.0,57.929897910652464,1.1692867294755351,5.0,10.0,-5.0
углегорский,365,Углегорский,XIX,136,51270.0,276.7310841253256,265.26233664911257,Травмы и отравления,ok,2748,1446576.0,189.96582274280786,1.4567414292200762,3.0,5.0,-2.0
углегорский,365,Углегорский,XV,0,51270.0,0.0,0.0,Беременность и роды,very_low_count,3,1446576.0,0.20738626936987756,0.0,4.0,4.0,0.0
углегорский,365,Углегорский,XVI,1,51270.0,2.1077357843625224,1.9504583577140626,Перинатальные состояния,very_low_count,33,1446576.0,2.281248963068653,0.9239393939393941,8.0,8.0,0.0
углегорский,365,Углегорский,XVII,1,51270.0,2.2771748348364182,1.9504583577140626,Врожденные аномалии,very_low_count,36,1446576.0,2.4886352324385306,0.9150295732995352,10.0,10.0,0.0
углегорский,365,Углегорский,XVIII,15,51270.0,27.917380299634882,29.256875365710943,Симптомы и неточные причины,low_count,552,1446576.0,38.15907356405747,0.7316052957305186,13.0,13.0,0.0
углегорский,365,Углегорский,XXII,2,51270.0,3.4488489751311784,3.9009167154281252,Специальные коды,very_low_count,20,1446576.0,1.382575129132517,2.4945110775246797,2.0,2.0,0.0
холмский,359,Холмский,I,18,101730.0,17.742516183822133,17.693895606015925,Инфекционные болезни,low_count,203,1446576.0,14.03313756069505,1.264329955228014,7.0,7.0,0.0
холмский,359,Холмский,II,389,101730.0,334.13324852898546,382.3847439300108,Новообразования,ok,3384,1446576.0,233.93171184922187,1.4283366965841184,1.0,2.0,-1.0
холмский,359,Холмский,III,4,101730.0,3.2046267521708947,3.931976801336872,Кровь и иммунитет,very_low_count,20,1446576.0,1.382575129132517,2.317868074324182,4.0,4.0,0.0
холмский,359,Холмский,IV,89,101730.0,75.66293205729949,87.48648382974541,Эндокринные и обмен,ok,866,1446576.0,59.86550309143799,1.2638820046618944,8.0,9.0,-1.0
холмский,359,Холмский,IX,569,101730.0,491.1630002301486,559.32369999017,Кровообращение,ok,6028,1446576.0,416.70814392054064,1.1786738689796408,7.0,10.0,-3.0
холмский,359,Холмский,V,10,101730.0,8.383757383846834,9.829942003342179,Психические расстройства,low_count,95,1446576.0,6.567231863379456,1.2766044443469071,6.0,8.0,-2.0
холмский,359,Холмский,VI,126,101730.0,107.50385909346977,123.85726924211147,Нервная система,ok,1199,1446576.0,82.8853789914944,1.2970183692409933,7.0,9.0,-2.0
холмский,359,Холмский,VIII,0,101730.0,0.0,0.0,Ухо,very_low_count,4,1446576.0,0.27651502582650345,0.0,5.0,5.0,0.0
холмский,359,Холмский,X,129,101730.0,112.87837646383582,126.80625184311413,Дыхание,ok,1219,1446576.0,84.26795412062691,1.3395172297912206,4.0,5.0,-1.0
холмский,359,Холмский,XI,242,101730.0,216.75640305975577,237.88459648088076,Пищеварение,ok,2060,1446576.0,142.40523830064924,1.522109759769754,3.0,4.0,-1.0
холмский,359,Холмский,XII,1,101730.0,0.7744474052541799,0.982994200334218,Кожа,very_low_count,48,1446576.0,3.318180309918041,0.2333952145214522,9.0,9.0,0.0
холмский,359,Холмский,XIII,11,101730.0,9.51070706638088,10.812936203676397,Костно-мышечные,low_count,76,1446576.0,5.2537854907035655,1.81025797174434,2.0,3.0,-1.0
холмский,359,Холмский,XIV,75,101730.0,62.929245539914376,73.72456502506635,Мочеполовая система,ok,838,1446576.0,57.929897910652464,1.086299955801279,8.0,12.0,-4.0
холмский,359,Холмский,XIX,242,101730.0,248.202585586299,237.88459648088076,Травмы и отравления,ok,2748,1446576.0,189.96582274280786,1.3065644230243305,9.0,9.0,0.0
холмский,359,Холмский,XV,1,101730.0,1.1436778718371812,0.982994200334218,Беременность и роды,very_low_count,3,1446576.0,0.20738626936987756,5.51472320376914,2.0,2.0,0.0
холмский,359,Холмский,XVI,3,101730.0,2.9826449778714936,2.948982601002654,Перинатальные состояния,very_low_count,33,1446576.0,2.281248963068653,1.3074614065180103,5.0,5.0,0.0
холмский,359,Холмский,XVII,1,101730.0,0.9942149926238314,0.982994200334218,Врожденные аномалии,very_low_count,36,1446576.0,2.4886352324385306,0.3995020964360588,14.0,14.0,0.0
холмский,359,Холмский,XVIII,63,101730.0,55.79329206466323,61.928634621055735,Симптомы и неточные причины,ok,552,1446576.0,38.15907356405747,1.4621238634371787,2.0,3.0,-1.0
холмский,359,Холмский,XXII,2,101730.0,1.5488948105083598,1.965988400668436,Специальные коды,very_low_count,20,1446576.0,1.382575129132517,1.1202970297029706,4.0,4.0,0.0
южно-курильский,361,Южно-Курильский,I,2,34449.0,7.880856105616552,5.8056837644053525,Инфекционные болезни,very_low_count,203,1446576.0,14.03313756069505,0.5615890296472102,14.0,13.0,1.0
южно-курильский,361,Южно-Курильский,II,29,34449.0,164.97864990097355,84.18241458387762,Новообразования,low_count,3384,1446576.0,233.93171184922187,0.7052427761795235,17.0,15.0,2.0
южно-курильский,361,Южно-Курильский,III,0,34449.0,0.0,0.0,Кровь и иммунитет,very_low_count,20,1446576.0,1.382575129132517,0.0,12.0,12.0,0.0
южно-курильский,361,Южно-Курильский,IV,5,34449.0,29.115333878658195,14.51420941101338,Эндокринные и обмен,very_low_count,866,1446576.0,59.86550309143799,0.48634576467498675,18.0,18.0,0.0
южно-курильский,361,Южно-Курильский,IX,56,34449.0,340.11430659624153,162.55914540334987,Кровообращение,ok,6028,1446576.0,416.70814392054064,0.816193087556013,18.0,16.0,2.0
южно-курильский,361,Южно-Курильский,V,0,34449.0,0.0,0.0,Психические расстройства,very_low_count,95,1446576.0,6.567231863379456,0.0,16.0,16.0,0.0
южно-курильский,361,Южно-Курильский,VI,9,34449.0,51.53137796154618,26.125576939824086,Нервная система,very_low_count,1199,1446576.0,82.8853789914944,0.6217185538457182,17.0,14.0,3.0
южно-курильский,361,Южно-Курильский,VIII,0,34449.0,0.0,0.0,Ухо,very_low_count,4,1446576.0,0.27651502582650345,0.0,5.0,5.0,0.0
южно-курильский,361,Южно-Курильский,X,5,34449.0,26.858885209454126,14.51420941101338,Дыхание,very_low_count,1219,1446576.0,84.26795412062691,0.3187319009905768,18.0,18.0,0.0
южно-курильский,361,Южно-Курильский,XI,23,34449.0,113.292466787201,66.76536329066155,Пищеварение,low_count,2060,1446576.0,142.40523830064924,0.7955639001706897,17.0,14.0,3.0
южно-курильский,361,Южно-Курильский,XII,0,34449.0,0.0,0.0,Кожа,very_low_count,48,1446576.0,3.318180309918041,0.0,10.0,10.0,0.0
южно-курильский,361,Южно-Курильский,XIII,1,34449.0,11.00210746990453,2.9028418822026762,Костно-мышечные,very_low_count,76,1446576.0,5.2537854907035655,2.0941295546558703,14.0,1.0,13.0
южно-курильский,361,Южно-Курильский,XIV,5,34449.0,36.08609295901665,14.51420941101338,Мочеполовая система,very_low_count,838,1446576.0,57.929897910652464,0.6229269213398864,17.0,16.0,1.0
южно-курильский,361,Южно-Курильский,XIX,28,34449.0,90.72119168956615,81.27957270167494,Травмы и отравления,low_count,2748,1446576.0,189.96582274280786,0.4775658609516952,17.0,17.0,0.0
южно-курильский,361,Южно-Курильский,XV,0,34449.0,0.0,0.0,Беременность и роды,very_low_count,3,1446576.0,0.20738626936987756,0.0,4.0,4.0,0.0
южно-курильский,361,Южно-Курильский,XVI,0,34449.0,0.0,0.0,Перинатальные состояния,very_low_count,33,1446576.0,2.281248963068653,0.0,11.0,11.0,0.0
южно-курильский,361,Южно-Курильский,XVII,0,34449.0,0.0,0.0,Врожденные аномалии,very_low_count,36,1446576.0,2.4886352324385306,0.0,16.0,16.0,0.0
южно-курильский,361,Южно-Курильский,XVIII,11,34449.0,56.238308035012736,31.93126070422944,Симптомы и неточные причины,low_count,552,1446576.0,38.15907356405747,1.473785990653199,12.0,2.0,10.0
южно-курильский,361,Южно-Курильский,XXII,0,34449.0,0.0,0.0,Специальные коды,very_low_count,20,1446576.0,1.382575129132517,0.0,6.0,6.0,0.0
южно-сахалинск,364,Южно-Сахалинск,I,68,565164.0,11.833783808360954,12.031905783100127,Инфекционные болезни,ok,203,1446576.0,14.03313756069505,0.8432742682937711,8.0,9.0,-1.0
южно-сахалинск,364,Южно-Сахалинск,II,1157,565164.0,203.25379469422498,204.71933810363012,Новообразования,ok,3384,1446576.0,233.93171184922187,0.8688595192482069,12.0,14.0,-2.0
южно-сахалинск,364,Южно-Сахалинск,III,3,565164.0,0.5270411986004587,0.5308193727838291,Кровь и иммунитет,very_low_count,20,1446576.0,1.382575129132517,0.3812025744533286,11.0,11.0,0.0
южно-сахалинск,364,Южно-Сахалинск,IV,185,565164.0,31.814640380092843,32.733861321669465,Эндокринные и обмен,ok,866,1446576.0,59.86550309143799,0.5314352797052331,16.0,17.0,-1.0
южно-сахалинск,364,Южно-Сахалинск,IX,2021,565164.0,340.04252131129476,357.5953174653729,Кровообращение,ok,6028,1446576.0,416.70814392054064,0.8160208200205832,13.0,17.0,-4.0
южно-сахалинск,364,Южно-Сахалинск,V,37,565164.0,5.999167263191548,6.546772264333893,Психические расстройства,ok,95,1446576.0,6.567231863379456,0.9135001455703764,8.0,9.0,-1.0
южно-сахалинск,364,Южно-Сахалинск,VI,360,565164.0,58.92111494687243,63.6983247340595,Нервная система,ok,1199,1446576.0,82.8853789914944,0.7108746520048951,12.0,13.0,-1.0
южно-сахалинск,364,Южно-Сахалинск,VIII,1,565164.0,0.17582101219300886,0.17693979092794304,Ухо,very_low_count,4,1446576.0,0.27651502582650345,0.6358461413352848,4.0,4.0,0.0
южно-сахалинск,364,Южно-Сахалинск,X,413,565164.0,70.24182193398376,73.07613365324048,Дыхание,ok,1219,1446576.0,84.26795412062691,0.8335531895486012,12.0,13.0,-1.0
южно-сахалинск,364,Южно-Сахалинск,XI,599,565164.0,102.68685414334068,105.98693476583789,Пищеварение,ok,2060,1446576.0,142.40523830064924,0.7210890229090156,14.0,15.0,-1.0
южно-сахалинск,364,Южно-Сахалинск,XII,27,565164.0,4.603677021946527,4.777374355054462,Кожа,low_count,48,1446576.0,3.318180309918041,1.3874101441040247,4.0,5.0,-1.0
южно-сахалинск,364,Южно-Сахалинск,XIII,29,565164.0,5.192838511127148,5.1312539369103485,Костно-мышечные,low_count,76,1446576.0,5.2537854907035655,0.98839941606214,9.0,10.0,-1.0
южно-сахалинск,364,Южно-Сахалинск,XIV,259,565164.0,43.03324846631483,45.82740585033725,Мочеполовая система,ok,838,1446576.0,57.929897910652464,0.7428504108998549,13.0,15.0,-2.0
южно-сахалинск,364,Южно-Сахалинск,XIX,962,565164.0,165.74632767239683,170.2160788726812,Травмы и отравления,ok,2748,1446576.0,189.96582274280786,0.8725060396616634,12.0,13.0,-1.0
южно-сахалинск,364,Южно-Сахалинск,XV,1,565164.0,0.1829363440402833,0.17693979092794304,Беременность и роды,very_low_count,3,1446576.0,0.20738626936987756,0.8821044160547229,3.0,3.0,0.0
южно-сахалинск,364,Южно-Сахалинск,XVI,13,565164.0,3.193539067215943,2.3002172820632594,Перинатальные состояния,low_count,33,1446576.0,2.281248963068653,1.3999081726354454,7.0,4.0,3.0
южно-сахалинск,364,Южно-Сахалинск,XVII,10,565164.0,1.9593547472088133,1.7693979092794305,Врожденные аномалии,low_count,36,1446576.0,2.4886352324385306,0.7873209868884268,11.0,11.0,0.0
южно-сахалинск,364,Южно-Сахалинск,XVIII,191,565164.0,33.86293288010568,33.79550006723712,Симптомы и неточные причины,ok,552,1446576.0,38.15907356405747,0.8874149636589086,9.0,11.0,-2.0
южно-сахалинск,364,Южно-Сахалинск,XXII,12,565164.0,2.1170792375164607,2.1232774911353163,Специальные коды,low_count,20,1446576.0,1.382575129132517,1.531258007544806,3.0,3.0,0.0
